receiveactivedata gives error,2
which retrieve tags.,13
lines test column,19
dirs/files have acl.,34
sequence contains elements.,49
which has policy,50
that grants permission,50
constructor. please clientauthutils.areworkertokensenabledserver,55
state store securely,,55
it uses things,56
instances match criteria,,57
you submit request,57
group specify value,57
you configured health,59
it have attempts,65
client. assumes credentials,67
log contain term.,68
map contains items,70
this cancels false.,76
subclasses implement method,78
method buffers internally,,89
collection. creates collection,101
state creating, active,,103
that have provider.,105
addall throws npe,107
midireceiver write date,128
you want route,131
policy versions, value,131
you submit request.,131
warning: modify code.,139
this excludes rule,142
collection build targets,145
collection build files,145
collection build targets.,145
all build targets,145
all build files,145
all build targets.,145
that records count,147
that contains dashboard,150
it returns nothing,154
method returns nothing,154
names match pattern.,158
you use id,160
that contains account.,160
simple informs listener,168
that write query,174
arn run tasks.,178
constructor avoids use,189
load exceeds thresholds,190
stacks starts number,190
you provide sets,199
examples uses some,199
you call getmltaskrun,199
who created component.,210
rule does work,219
instructions show up.,219
a have method,221
class outputs executable,223
doesn't have default,228
you specify value,228
(but handles properly,,232
doesn't have set.,233
request create image,234
command. write command,244
val; creates vector,245
padding. accepts scale,249
template remove rules,256
helper function overridden,257
that uses collator,259
methods invoke rpcs.,261
chronologies use definition.,267
returns getmillis() returns,267
checking enabled. value,274
id have logs.,282
folders contain which,284
folders contain plugins,284
a get request.,287
condition true, validation,291
user select some,300
it generates messages.,303
amount have listeners.,304
you specify a,305
minheap redistributed, one,314
we have distribution,314
collection) throws iae,315
one includes element,321
that define dimensions,325
option cancels immediately,,326
value), stops agent,326
workflow run completed.,330
implementations treat structures,337
client. assumes credentials,353
required. enables connections,354
that hosts subnets.,354
cluster has enabled.,357
it finds key,,369
it finds key,,369
fragment have name,375
queryspace refers to.,385
that summarize properties.,387
implementation adds count,392
client sends response.,395
fault prevent checkpointing,403
locale match locale,,406
locale match handler,406
desires create cart,406
you provide kmskeyid,,407
we encrypt cluster,407
we encrypt cluster,407
we use encryption,407
modules use this,408
we modules state,408
sets included set,411
functionality works count.,413
nn, registers pool,415
attaches. attaches, returns,,422
best matches cuboid.,431
service allows you,435
action verifies relationship,435
property set. property,437
that returns exception,443
that allows user,445
object contains mappings.,446
you specify defaults,447
you creating domains,452
instance add values,456
list contains number,456
method returns string,457
method return int,,458
i consumed. types,,458
user canceled selection.,467
metadata have length,470
metadata have length,470
you define. which,470
keys have length,470
keys have length,470
tiers include sql_server,,472
node accept any,474
file have one,475
string has length,476
that have range,477
which add required.,479
that has animation,492
a get request.,493
that returns jobs,495
scantoclass packages cn.dreampie.resource,499
programs have equates,506
processes read events,507
_fields matches fieldid,,508
that matches fieldid,,508
rule last failed.,524
node with. which,529
backups stored. vaults,531
we kill apps,546
we change to.,546
method add header,548
call resets object,561
desired, update order,561
tests join program,566
that contains source,577
you describing list,578
you paginate output,578
you use values,578
that restores database,582
resource utilize bean,585
test ensures success,586
timeout read acquisition.,589
test's stop time.,594
you starring repository,596
method buffer inputstream,,600
you buffered it,600
partial support field,,611
addition overflow minute,611
you create it.,619
you use method,623
quantity matching rule,624
that have prefix.,626
results using parameters.,626
coefficient see comments,627
attempts write contents,640
method takes collection,642
which contain components,642
node comes from.,654
providers loader mechanism.,655
order reverses order,660
which sort results.,660
name map service,661
_fields matches fieldid,,664
that matches fieldid,,664
this indicate proxy,665
