object converts,1
that writable,1
method called,1
node corresponds,3
modification started.,5
it cut,6
width sets,7
squared). convert,11
dialog cancelled,12
types compatible.,14
that happened.,20
test executed,21
transaction considered,21
this method!,22
table expands,23
full not,27
rotation sets,28
uploads file,30
stream swift.,30
stream closed,30
gc set,33
rate scaled,36
s specialchar.,37
digest returns,38
invalidrequestexception constructs,43
space sets,44
query user,46
audit takes,47
place. one,47
time determined,47
database creates,52
dumps classpath,53
that obtained,54
they enabled,55
body exists,,60
function check,60
that needs,60
data redacted,62
value transforms,64
information returned.,66
thereof) configured,67
to. returns,69
value equals,71
(which equals,71
'1') sets,71
values represented,71
list attached,72
input attached,72
stream muted.,73
resides. compatibility,,77
name lowercase.,77
method called,78
it declared,78
block moved.,79
this end,80
values retracts,84
adminclient using.,86
the sets,87
sets continued,88
nextcontinuationtoken sent,88
that listed.,88
stream ready,91
read. tells,91
uiobject creates,92
data redacted,94
client ssl,97
creation fails,97
profile. deletes,98
model. creates,102
node found.,104
set gets,106
fields contains,108
that indexed,108
types known,108
object. creates,113
response obtained,114
key returned,114
key stored,114
channel enabled,120
dataframegrouping returns,126
issuer part,135
data redacted,136
method called,139
content regenerated,139
errors provides,141
actions set,142
that set,142
descriptor. queries,143
type set,144
that needs,148
instance creates,149
region. decreases,151
parent expanded.,153
jerry used,154
number 10.,155
zk working,156
files returned,156
values counted.,157
states. sets,161
expression supported,164
client disconnected,165
data redacted,166
characters written,168
service gets,171
entries removes,172
values) returns,173
group. removes,177
data redacted,184
provider changed,185
that affected.,186
values compliant,,188
non_compliant, filters,188
class loaded,189
returns exclusive,191
threads getexclusivequeuedthreads,191
pathname exists,192
name returns,193
it named.,193
dialog showing.,195
checkpoint is,198
completed. called,198
rest used,199
version returns,200
this useful,200
permutation creates,202
value reads,203
joy starts,204
view loaded.,211
tag removes,212
data redacted,214
service found,215
data redacted,216
entries removes,218
that contains,220
spaces. creates,220
this used,221
progress sets,222
set yet,,222
it is.,222
progress set,222
queue stands,224
ehcache manager,,229
one found.,229
units consumed,236
values ordered,236
argument sets,237
that supported,238
number 100.,239
value 100,239
instance creates,240
dbstruct request,241
_fields matches,243
that matches,243
its found.,243
command changed/wrapped,244
instance returned,244
command executed,244
result fitted,249
contacts creates,251
response received,253
this part,260
children added,262
patterns parsed,262
tracks. returns,263
adapter logs,264
message ignored,264
it allowed,264
tag; save,266
invalidfilteroptionexception constructs,269
color sets,272
fab displayed.,273
blocks started.,275
data redacted,277
list provides,278
data returns,279
types equal,,280
result good.,286
class returns,289
method declared,289
hash. used,290
record assigned,290
pipeline starts,293
residing gets,298
persistence enabled,298
options configured,299
set updated,,301
background sets,302
it logged,303
value returned,305
name (arn),309
which used,312
that created,313
nodes arranged,314
that assigned,314
value mixes,317
data redacted,319
that created,321
that associated,321
that associated,321
lock is,322
implementation provided,323
type set,324
that set,326
cursor false,327
positions, are,327
end reached.,327
id. returns,331
level gets,332
user assigned.,332
this zero,332
type returns,333
caller determine,333
kind performed.,333
date format,,334
event occurred.,334
organizationnotinallfeaturesmodeexception constructs,335
taskdescription creates,336
listener delivered,337
that notified,337
message received,337
messages delivered,337
(arn) specifies,341
logs delivered.,341
session unbinds,344
objects invalidates,344
task runs,347
form. returns,348
value gets,349
errors gets,350
list creates,351
thereof) configured,353
result executes,355
result double,,355
v8resultundefinedexception thrown.,355
can't deleted,357
protection enabled.,357
throwable constructs,358
message notifies,363
listeners. deletes,363
elements read,364
written. reads,364
that guaranteed,365
copy creates,366
inactive constraints:,367
returns handler,368
size contains,373
that applied,373
that associated,375
time defines,378
scaling, indicates,379
value true.,379
volume deleted,379
format digraph,381
returns labeled,381
nodes labeled,381
information gets,382
segment, parses,383
object retrieves,384
syntax %activiti%.,386
which assigned,386
that used,386
spec skipped,,388
it marked,388
operation does,390
entities moving,391
they liquid,391
data redacted,393
clone returns,394
data redacted,396
that used,397
typeparametrizable referencetypedeclaration,402
exception matches.,404
assignment, describes,405
clearcartonlocaleswitch set,406
locale switched,406
cluster encrypted,407
data redacted,409
only. represents,410
that considered,411
emptytargetinfo. creates,414
it time,416
ddltask refactored.,416
data redacted,419
contact received,424
parameter one,425
power_medium, indicates,425
form closed,427
method used,428
request host.,429
integer reads,430
group disabled.,432
property set,437
data redacted,438
elements rearranged,441
data redacted,448
action. sets,450
comparator case,451
mode. checks,451
button clicked.,453
index queried,456
character i,,458
data redacted,459
data redacted,460
name sync,461
you want,461
compositelist creates,465
names returns,466
domain created,,466
approximation returns,469
ranges specified,477
specified presumed,477
map builds,480
scanning done,484
date updated.,485
_fields matches,487
that matches,487
its found.,487
it finds,490
returns defaultvalue,490
stacktrace prints,494
bound sets,496
value means,496
max set.,496
that connects,500
counters monotonic.,501
interfaces removed,501
encoding tests,504
commands used,510
method assert,511
number found.,511
copy returns,512
that needed,514
result truncated,,516
instance returns,517
entries removes,518
data redacted,521
backgroundcolor changes,522
defaults dt_float,523
ports start,526
out. tests,527
allocation spread,527
data redacted,528
that's assigned,530
identifier used,530
name identified,531
data redacted,535
interruptedexception. waits,539
number retrieves,541
locations saved,542
wouldn't found,542
tag3 finds,543
tags provided,543
data redacted,544
value specifies,545
chunk. constructs,549
bytes. returns,550
continuation token,,551
this call.,551
number gets,552
angle returns,553
this same,553
accordingly. mark,554
instances merges,557
iterator defined,558
entries loaded,558
boolean) calls,560
it reinitialized,561
type. specifies,562
id included,563
zone gets,565
data redacted,568
connections. describes,570
debuggee raises,572
exception. invoked,572
extractor creates,576
expression bound.,579
scopes. get,580
object. creates,581
hashmap string,583
element processes,584
job thread,591
way. transitions,591
list ordered,593
_fields matches,595
that matches,595
its found.,595
error retried,597
class finds,598
name constraints:,599
name characters.,599
values calculates,601
list adds,603
details currently,,604
updates supported,604
name type,,605
thing associated,605
fields reads,607
left... adds,608
that notified,608
method invoked,609
endpoint closed.,609
column removes,612
field set,616
email disabled.,618
returns triggers,620
isn't cached,623
quantity required,624
match found,624
that used,628
information displayed.,629
updates applies,633
values returns,635
it dies.,636
data redacted,637
client. stops,638
message constructed,639
data redacted,644
values sets,645
you specify.,648
map replaces,650
this used,654
definitions listed,660
definitions listed,660
definitions listed,660
title provided,663
